id,falha_maquina
35260,0
35261,0
35262,0
35263,0
35264,0
35265,1
35266,0
35267,0
35268,0
35269,0
35270,0
35271,0
35272,0
35273,1
35274,0
35275,0
35276,1
35277,0
35278,0
35279,0
35280,0
35281,0
35282,1
35283,0
35284,1
35285,0
35286,0
35287,1
35288,0
35289,0
35290,0
35291,0
35292,0
35293,0
35294,0
35295,0
35296,1
35297,0
35298,0
35299,0
35300,0
35301,0
35302,1
35303,0
35304,0
35305,0
35306,0
35307,0
35308,0
35309,0
35310,0
35311,0
35312,0
35313,0
35314,0
35315,1
35316,0
35317,1
35318,0
35319,0
35320,0
35321,0
35322,0
35323,0
35324,0
35325,0
35326,0
35327,1
35328,0
35329,0
35330,0
35331,0
35332,0
35333,0
35334,0
35335,0
35336,0
35337,0
35338,0
35339,0
35340,0
35341,0
35342,0
35343,1
35344,0
35345,0
35346,0
35347,0
35348,0
35349,0
35350,0
35351,0
35352,0
35353,0
35354,0
35355,1
35356,0
35357,0
35358,0
35359,0
35360,1
35361,0
35362,0
35363,0
35364,1
35365,1
35366,0
35367,0
35368,0
35369,0
35370,0
35371,0
35372,0
35373,1
35374,0
35375,0
35376,0
35377,0
35378,0
35379,1
35380,0
35381,1
35382,0
35383,0
35384,1
35385,0
35386,0
35387,1
35388,0
35389,0
35390,0
35391,0
35392,0
35393,0
35394,0
35395,0
35396,0
35397,0
35398,0
35399,0
35400,0
35401,0
35402,0
35403,0
35404,0
35405,0
35406,0
35407,0
35408,0
35409,0
35410,0
35411,0
35412,0
35413,0
35414,0
35415,1
35416,1
35417,0
35418,0
35419,0
35420,0
35421,1
35422,1
35423,0
35424,0
35425,0
35426,0
35427,0
35428,0
35429,0
35430,0
35431,1
35432,0
35433,0
35434,0
35435,0
35436,0
35437,0
35438,0
35439,0
35440,0
35441,0
35442,0
35443,0
35444,0
35445,1
35446,0
35447,0
35448,1
35449,0
35450,0
35451,1
35452,0
35453,1
35454,0
35455,0
35456,0
35457,0
35458,0
35459,0
35460,0
35461,1
35462,1
35463,0
35464,0
35465,0
35466,0
35467,0
35468,0
35469,0
35470,0
35471,1
35472,0
35473,0
35474,0
35475,0
35476,1
35477,0
35478,0
35479,0
35480,0
35481,0
35482,0
35483,1
35484,1
35485,0
35486,0
35487,0
35488,0
35489,0
35490,0
35491,1
35492,0
35493,0
35494,1
35495,0
35496,1
35497,0
35498,0
35499,0
35500,0
35501,0
35502,0
35503,1
35504,1
35505,1
35506,0
35507,0
35508,0
35509,0
35510,0
35511,0
35512,0
35513,0
35514,0
35515,1
35516,1
35517,0
35518,0
35519,0
35520,0
35521,0
35522,0
35523,0
35524,0
35525,0
35526,0
35527,0
35528,0
35529,0
35530,0
35531,0
35532,0
35533,0
35534,0
35535,0
35536,0
35537,1
35538,0
35539,0
35540,0
35541,0
35542,0
35543,0
35544,0
35545,1
35546,1
35547,0
35548,0
35549,0
35550,0
35551,0
35552,0
35553,0
35554,0
35555,0
35556,0
35557,1
35558,0
35559,0
35560,0
35561,0
35562,0
35563,0
35564,0
35565,0
35566,0
35567,0
35568,0
35569,0
35570,1
35571,0
35572,0
35573,0
35574,0
35575,0
35576,1
35577,0
35578,0
35579,0
35580,0
35581,0
35582,0
35583,0
35584,0
35585,0
35586,1
35587,0
35588,0
35589,0
35590,0
35591,1
35592,0
35593,0
35594,1
35595,0
35596,0
35597,0
35598,0
35599,0
35600,0
35601,0
35602,1
35603,0
35604,0
35605,0
35606,1
35607,0
35608,0
35609,0
35610,0
35611,0
35612,0
35613,0
35614,0
35615,0
35616,0
35617,0
35618,0
35619,0
35620,0
35621,0
35622,1
35623,0
35624,0
35625,0
35626,0
35627,0
35628,1
35629,0
35630,0
35631,0
35632,0
35633,0
35634,0
35635,0
35636,0
35637,0
35638,0
35639,0
35640,0
35641,0
35642,0
35643,0
35644,1
35645,1
35646,0
35647,0
35648,0
35649,0
35650,0
35651,0
35652,0
35653,0
35654,0
35655,1
35656,0
35657,0
35658,0
35659,0
35660,0
35661,0
35662,0
35663,0
35664,1
35665,0
35666,1
35667,0
35668,0
35669,0
35670,0
35671,0
35672,1
35673,0
35674,0
35675,0
35676,0
35677,0
35678,0
35679,0
35680,0
35681,0
35682,0
35683,0
35684,0
35685,0
35686,0
35687,1
35688,1
35689,1
35690,0
35691,1
35692,0
35693,0
35694,0
35695,0
35696,0
35697,0
35698,0
35699,1
35700,0
35701,0
35702,0
35703,0
35704,1
35705,0
35706,0
35707,0
35708,0
35709,1
35710,0
35711,0
35712,0
35713,0
35714,0
35715,0
35716,0
35717,0
35718,0
35719,1
35720,0
35721,0
35722,0
35723,1
35724,0
35725,0
35726,0
35727,0
35728,0
35729,1
35730,0
35731,0
35732,0
35733,0
35734,0
35735,0
35736,0
35737,0
35738,0
35739,0
35740,0
35741,0
35742,0
35743,1
35744,0
35745,0
35746,0
35747,0
35748,0
35749,0
35750,0
35751,0
35752,0
35753,0
35754,0
35755,0
35756,0
35757,0
35758,0
35759,0
35760,0
35761,0
35762,0
35763,0
35764,0
35765,0
35766,1
35767,0
35768,0
35769,0
35770,0
35771,0
35772,0
35773,0
35774,0
35775,0
35776,0
35777,0
35778,1
35779,0
35780,0
35781,0
35782,0
35783,0
35784,0
35785,0
35786,1
35787,0
35788,1
35789,0
35790,0
35791,1
35792,0
35793,1
35794,0
35795,0
35796,0
35797,1
35798,0
35799,0
35800,0
35801,1
35802,0
35803,0
35804,0
35805,0
35806,0
35807,0
35808,0
35809,0
35810,0
35811,0
35812,0
35813,1
35814,0
35815,0
35816,0
35817,0
35818,0
35819,1
35820,0
35821,0
35822,0
35823,0
35824,0
35825,1
35826,0
35827,1
35828,0
35829,0
35830,0
35831,0
35832,0
35833,0
35834,0
35835,0
35836,1
35837,0
35838,0
35839,0
35840,0
35841,0
35842,0
35843,1
35844,0
35845,0
35846,0
35847,0
35848,0
35849,0
35850,0
35851,0
35852,0
35853,0
35854,0
35855,0
35856,0
35857,0
35858,0
35859,0
35860,0
35861,0
35862,0
35863,0
35864,1
35865,0
35866,1
35867,0
35868,0
35869,0
35870,0
35871,0
35872,0
35873,0
35874,0
35875,0
35876,0
35877,0
35878,0
35879,0
35880,1
35881,0
35882,0
35883,0
35884,1
35885,0
35886,0
35887,0
35888,0
35889,1
35890,0
35891,0
35892,0
35893,1
35894,0
35895,1
35896,0
35897,1
35898,0
35899,0
35900,0
35901,0
35902,0
35903,0
35904,1
35905,0
35906,1
35907,0
35908,1
35909,0
35910,0
35911,0
35912,0
35913,0
35914,0
35915,0
35916,0
35917,0
35918,1
35919,0
35920,0
35921,0
35922,1
35923,0
35924,0
35925,0
35926,0
35927,0
35928,1
35929,0
35930,0
35931,0
35932,0
35933,0
35934,0
35935,0
35936,0
35937,1
35938,1
35939,0
35940,0
35941,0
35942,0
35943,0
35944,0
35945,0
35946,0
35947,0
35948,0
35949,0
35950,0
35951,1
35952,0
35953,1
35954,0
35955,1
35956,0
35957,1
35958,0
35959,0
35960,0
35961,0
35962,0
35963,0
35964,0
35965,0
35966,0
35967,1
35968,0
35969,0
35970,0
35971,0
35972,0
35973,0
35974,0
35975,0
35976,0
35977,0
35978,1
35979,0
35980,0
35981,0
35982,0
35983,0
35984,1
35985,0
35986,0
35987,1
35988,0
35989,0
35990,0
35991,0
35992,1
35993,0
35994,0
35995,0
35996,1
35997,0
35998,0
35999,1
36000,0
36001,0
36002,0
36003,0
36004,0
36005,0
36006,0
36007,0
36008,1
36009,0
36010,0
36011,0
36012,0
36013,0
36014,0
36015,0
36016,0
36017,0
36018,0
36019,0
36020,1
36021,0
36022,0
36023,0
36024,0
36025,0
36026,0
36027,0
36028,0
36029,1
36030,0
36031,0
36032,0
36033,0
36034,0
36035,1
36036,0
36037,0
36038,0
36039,0
36040,0
36041,0
36042,1
36043,0
36044,0
36045,0
36046,0
36047,0
36048,0
36049,0
36050,0
36051,0
36052,1
36053,0
36054,1
36055,0
36056,0
36057,0
36058,0
36059,0
36060,0
36061,0
36062,0
36063,0
36064,1
36065,0
36066,0
36067,0
36068,1
36069,0
36070,0
36071,0
36072,0
36073,0
36074,0
36075,0
36076,1
36077,0
36078,0
36079,1
36080,0
36081,0
36082,0
36083,1
36084,0
36085,0
36086,1
36087,0
36088,1
36089,0
36090,0
36091,0
36092,0
36093,0
36094,0
36095,0
36096,0
36097,0
36098,0
36099,0
36100,0
36101,0
36102,1
36103,0
36104,0
36105,0
36106,0
36107,0
36108,0
36109,0
36110,0
36111,0
36112,0
36113,1
36114,0
36115,0
36116,0
36117,0
36118,0
36119,0
36120,0
36121,1
36122,1
36123,0
36124,0
36125,0
36126,0
36127,0
36128,1
36129,0
36130,1
36131,0
36132,0
36133,1
36134,1
36135,0
36136,0
36137,0
36138,0
36139,0
36140,1
36141,0
36142,0
36143,0
36144,0
36145,0
36146,0
36147,1
36148,0
36149,1
36150,0
36151,1
36152,1
36153,0
36154,0
36155,1
36156,0
36157,1
36158,0
36159,0
36160,0
36161,0
36162,0
36163,0
36164,0
36165,0
36166,0
36167,0
36168,0
36169,0
36170,0
36171,0
36172,0
36173,0
36174,1
36175,0
36176,1
36177,0
36178,0
36179,0
36180,0
36181,0
36182,0
36183,0
36184,0
36185,0
36186,0
36187,0
36188,0
36189,0
36190,1
36191,0
36192,0
36193,1
36194,0
36195,0
36196,0
36197,0
36198,0
36199,0
36200,0
36201,0
36202,1
36203,0
36204,1
36205,0
36206,0
36207,0
36208,0
36209,0
36210,0
36211,0
36212,0
36213,0
36214,0
36215,0
36216,0
36217,0
36218,0
36219,0
36220,0
36221,0
36222,0
36223,0
36224,0
36225,0
36226,1
36227,1
36228,0
36229,0
36230,0
36231,0
36232,0
36233,0
36234,0
36235,0
36236,0
36237,1
36238,0
36239,0
36240,0
36241,0
36242,1
36243,0
36244,0
36245,0
36246,0
36247,0
36248,0
36249,0
36250,0
36251,0
36252,0
36253,0
36254,0
36255,0
36256,0
36257,0
36258,1
36259,0
36260,1
36261,1
36262,1
36263,0
36264,1
36265,0
36266,0
36267,0
36268,1
36269,0
36270,0
36271,0
36272,1
36273,0
36274,0
36275,0
36276,0
36277,1
36278,0
36279,0
36280,0
36281,0
36282,0
36283,0
36284,0
36285,0
36286,0
36287,1
36288,0
36289,1
36290,0
36291,0
36292,0
36293,0
36294,0
36295,1
36296,0
36297,0
36298,0
36299,0
36300,0
36301,0
36302,0
36303,1
36304,0
36305,0
36306,0
36307,0
36308,0
36309,0
36310,0
36311,0
36312,0
36313,0
36314,1
36315,0
36316,1
36317,0
36318,1
36319,0
36320,0
36321,0
36322,0
36323,0
36324,0
36325,0
36326,0
36327,1
36328,0
36329,0
36330,0
36331,1
36332,0
36333,0
36334,0
36335,0
36336,0
36337,0
36338,0
36339,0
36340,0
36341,0
36342,0
36343,0
36344,0
36345,0
36346,0
36347,0
36348,0
36349,0
36350,0
36351,0
36352,0
36353,0
36354,0
36355,0
36356,0
36357,0
36358,0
36359,0
36360,0
36361,1
36362,0
36363,0
36364,0
36365,0
36366,1
36367,0
36368,0
36369,1
36370,0
36371,0
36372,0
36373,0
36374,0
36375,0
36376,0
36377,0
36378,0
36379,0
36380,0
36381,0
36382,0
36383,0
36384,0
36385,0
36386,0
36387,0
36388,0
36389,0
36390,0
36391,1
36392,1
36393,0
36394,1
36395,0
36396,0
36397,0
36398,0
36399,0
36400,0
36401,0
36402,0
36403,0
36404,0
36405,1
36406,0
36407,0
36408,0
36409,0
36410,0
36411,0
36412,1
36413,0
36414,0
36415,0
36416,0
36417,0
36418,0
36419,1
36420,0
36421,0
36422,0
36423,0
36424,0
36425,0
36426,0
36427,1
36428,0
36429,0
36430,0
36431,0
36432,0
36433,0
36434,0
36435,0
36436,0
36437,0
36438,0
36439,1
36440,0
36441,0
36442,1
36443,0
36444,0
36445,0
36446,0
36447,0
36448,1
36449,0
36450,0
36451,0
36452,0
36453,0
36454,0
36455,0
36456,0
36457,0
36458,1
36459,0
36460,0
36461,0
36462,0
36463,0
36464,0
36465,0
36466,0
36467,0
36468,0
36469,0
36470,0
36471,0
36472,0
36473,0
36474,0
36475,0
36476,0
36477,0
36478,0
36479,0
36480,0
36481,0
36482,1
36483,0
36484,0
36485,0
36486,1
36487,0
36488,0
36489,0
36490,1
36491,1
36492,0
36493,0
36494,0
36495,0
36496,0
36497,1
36498,0
36499,0
36500,0
36501,0
36502,0
36503,0
36504,0
36505,1
36506,0
36507,1
36508,0
36509,0
36510,1
36511,0
36512,0
36513,1
36514,0
36515,0
36516,1
36517,0
36518,0
36519,0
36520,1
36521,1
36522,0
36523,0
36524,0
36525,0
36526,0
36527,0
36528,0
36529,0
36530,0
36531,0
36532,0
36533,1
36534,0
36535,0
36536,0
36537,0
36538,0
36539,0
36540,0
36541,0
36542,0
36543,0
36544,0
36545,0
36546,1
36547,0
36548,0
36549,0
36550,0
36551,0
36552,0
36553,1
36554,0
36555,0
36556,1
36557,0
36558,0
36559,0
36560,0
36561,0
36562,1
36563,1
36564,0
36565,1
36566,0
36567,0
36568,0
36569,1
36570,0
36571,0
36572,0
36573,0
36574,0
36575,0
36576,1
36577,0
36578,0
36579,0
36580,0
36581,1
36582,0
36583,0
36584,0
36585,1
36586,1
36587,0
36588,0
36589,0
36590,0
36591,0
36592,1
36593,0
36594,0
36595,0
36596,1
36597,1
36598,1
36599,0
36600,1
36601,0
36602,0
36603,0
36604,0
36605,0
36606,0
36607,0
36608,0
36609,0
36610,0
36611,0
36612,0
36613,0
36614,1
36615,0
36616,0
36617,0
36618,1
36619,0
36620,0
36621,0
36622,0
36623,0
36624,0
36625,0
36626,0
36627,0
36628,0
36629,0
36630,1
36631,1
36632,0
36633,0
36634,0
36635,1
36636,0
36637,1
36638,0
36639,0
36640,1
36641,0
36642,0
36643,0
36644,0
36645,0
36646,0
36647,0
36648,0
36649,0
36650,0
36651,0
36652,0
36653,1
36654,0
36655,0
36656,1
36657,1
36658,0
36659,0
36660,1
36661,0
36662,0
36663,0
36664,0
36665,0
36666,0
36667,1
36668,0
36669,0
36670,1
36671,0
36672,0
36673,0
36674,0
36675,1
36676,0
36677,0
36678,0
36679,0
36680,0
36681,0
36682,1
36683,0
36684,1
36685,0
36686,0
36687,0
36688,0
36689,0
36690,0
36691,0
36692,0
36693,0
36694,0
36695,0
36696,0
36697,0
36698,1
36699,0
36700,0
36701,1
36702,0
36703,0
36704,0
36705,0
36706,0
36707,0
36708,0
36709,0
36710,0
36711,1
36712,0
36713,0
36714,0
36715,1
36716,0
36717,0
36718,1
36719,1
36720,0
36721,0
36722,0
36723,0
36724,0
36725,0
36726,0
36727,0
36728,0
36729,1
36730,0
36731,1
36732,0
36733,0
36734,0
36735,0
36736,0
36737,0
36738,0
36739,0
36740,0
36741,0
36742,0
36743,0
36744,1
36745,0
36746,0
36747,0
36748,0
36749,0
36750,0
36751,1
36752,0
36753,0
36754,0
36755,0
36756,0
36757,0
36758,0
36759,0
36760,0
36761,0
36762,0
36763,0
36764,0
36765,0
36766,0
36767,0
36768,0
36769,0
36770,0
36771,0
36772,0
36773,0
36774,0
36775,0
36776,0
36777,0
36778,1
36779,0
36780,0
36781,0
36782,0
36783,0
36784,0
36785,0
36786,0
36787,1
36788,0
36789,0
36790,0
36791,0
36792,0
36793,1
36794,1
36795,0
36796,0
36797,1
36798,0
36799,0
36800,0
36801,0
36802,0
36803,0
36804,0
36805,0
36806,0
36807,0
36808,0
36809,0
36810,0
36811,0
36812,0
36813,1
36814,0
36815,0
36816,0
36817,1
36818,0
36819,0
36820,0
36821,0
36822,0
36823,0
36824,0
36825,0
36826,0
36827,0
36828,0
36829,0
36830,0
36831,0
36832,0
36833,0
36834,0
36835,1
36836,0
36837,0
36838,1
36839,0
36840,0
36841,0
36842,0
36843,0
36844,1
36845,0
36846,0
36847,0
36848,0
36849,0
36850,0
36851,0
36852,0
36853,0
36854,0
36855,0
36856,0
36857,1
36858,0
36859,0
36860,1
36861,0
36862,1
36863,0
36864,0
36865,0
36866,0
36867,0
36868,1
36869,0
36870,0
36871,0
36872,0
36873,1
36874,0
36875,0
36876,0
36877,0
36878,0
36879,0
36880,0
36881,0
36882,0
36883,0
36884,1
36885,0
36886,0
36887,0
36888,1
36889,0
36890,0
36891,1
36892,0
36893,1
36894,0
36895,0
36896,1
36897,1
36898,0
36899,0
36900,0
36901,0
36902,0
36903,0
36904,0
36905,0
36906,0
36907,0
36908,0
36909,0
36910,0
36911,0
36912,0
36913,0
36914,0
36915,0
36916,0
36917,0
36918,0
36919,0
36920,0
36921,1
36922,0
36923,1
36924,0
36925,0
36926,0
36927,0
36928,0
36929,0
36930,0
36931,0
36932,0
36933,0
36934,0
36935,0
36936,1
36937,0
36938,0
36939,0
36940,1
36941,0
36942,0
36943,1
36944,0
36945,0
36946,0
36947,0
36948,1
36949,0
36950,0
36951,0
36952,0
36953,0
36954,0
36955,0
36956,0
36957,0
36958,0
36959,0
36960,1
36961,0
36962,0
36963,0
36964,1
36965,0
36966,0
36967,0
36968,1
36969,0
36970,0
36971,0
36972,0
36973,0
36974,0
36975,0
36976,0
36977,0
36978,0
36979,0
36980,0
36981,0
36982,0
36983,0
36984,0
36985,0
36986,0
36987,1
36988,0
36989,0
36990,0
36991,0
36992,0
36993,0
36994,0
36995,0
36996,0
36997,1
36998,0
36999,0
37000,0
37001,0
37002,0
37003,0
37004,0
37005,0
37006,0
37007,0
37008,0
37009,0
37010,0
37011,0
37012,0
37013,0
37014,0
37015,0
37016,0
37017,0
37018,0
37019,0
37020,1
37021,0
37022,0
37023,0
37024,0
37025,0
37026,0
37027,0
37028,0
37029,0
37030,0
37031,0
37032,1
37033,0
37034,1
37035,0
37036,0
37037,0
37038,0
37039,0
37040,0
37041,1
37042,0
37043,0
37044,0
37045,1
37046,0
37047,0
37048,0
37049,0
37050,0
37051,0
37052,0
37053,0
37054,0
37055,0
37056,0
37057,0
37058,0
37059,0
37060,0
37061,0
37062,0
37063,0
37064,1
37065,0
37066,0
37067,0
37068,0
37069,0
37070,0
37071,0
37072,1
37073,0
37074,0
37075,0
37076,0
37077,0
37078,0
37079,0
37080,0
37081,0
37082,0
37083,0
37084,0
37085,1
37086,0
37087,0
37088,0
37089,0
37090,0
37091,0
37092,0
37093,0
37094,0
37095,0
37096,1
37097,0
37098,1
37099,0
37100,1
37101,0
37102,0
37103,0
37104,0
37105,0
37106,0
37107,0
37108,0
37109,1
37110,0
37111,0
37112,0
37113,0
37114,0
37115,0
37116,1
37117,0
37118,0
37119,0
37120,0
37121,0
37122,0
37123,0
37124,0
37125,0
37126,0
37127,0
37128,0
37129,0
37130,0
37131,0
37132,0
37133,0
37134,0
37135,0
37136,0
37137,0
37138,0
37139,1
37140,0
37141,0
37142,0
37143,1
37144,0
37145,0
37146,0
37147,0
37148,0
37149,0
37150,0
37151,0
37152,0
37153,0
37154,0
37155,0
37156,0
37157,0
37158,0
37159,0
37160,0
37161,0
37162,1
37163,1
37164,0
37165,1
37166,0
37167,0
37168,1
37169,0
37170,1
37171,0
37172,0
37173,0
37174,0
37175,0
37176,0
37177,0
37178,0
37179,0
37180,0
37181,0
37182,0
37183,0
37184,0
37185,0
37186,0
37187,0
37188,0
37189,0
37190,0
37191,0
37192,1
37193,1
37194,1
37195,0
37196,1
37197,0
37198,1
37199,0
37200,0
37201,0
37202,0
37203,0
37204,0
37205,0
37206,0
37207,0
37208,0
37209,1
37210,0
37211,0
37212,1
37213,0
37214,0
37215,0
37216,1
37217,0
37218,0
37219,0
37220,0
37221,0
37222,1
37223,0
37224,0
37225,0
37226,0
37227,0
37228,0
37229,0
37230,1
37231,0
37232,0
37233,0
37234,0
37235,0
37236,0
37237,0
37238,0
37239,1
37240,0
37241,0
37242,0
37243,0
37244,0
37245,1
37246,0
37247,0
37248,0
37249,0
37250,0
37251,0
37252,0
37253,0
37254,0
37255,0
37256,0
37257,1
37258,0
37259,0
37260,1
37261,0
37262,0
37263,0
37264,0
37265,0
37266,0
37267,0
37268,0
37269,0
37270,0
37271,0
37272,1
37273,0
37274,0
37275,0
37276,0
37277,0
37278,0
37279,0
37280,0
37281,0
37282,0
37283,0
37284,0
37285,0
37286,0
37287,0
37288,0
37289,0
37290,0
37291,0
37292,0
37293,0
37294,1
37295,0
37296,0
37297,0
37298,0
37299,0
37300,0
37301,0
37302,0
37303,0
37304,0
37305,0
37306,0
37307,0
37308,0
37309,0
37310,0
37311,0
37312,0
37313,0
37314,0
37315,0
37316,0
37317,0
37318,0
37319,0
37320,0
37321,0
37322,0
37323,0
37324,0
37325,0
37326,0
37327,0
37328,1
37329,0
37330,0
37331,0
37332,0
37333,0
37334,0
37335,0
37336,0
37337,0
37338,0
37339,0
37340,0
37341,0
37342,0
37343,0
37344,0
37345,0
37346,0
37347,0
37348,0
37349,0
37350,0
37351,1
37352,1
37353,0
37354,0
37355,0
37356,0
37357,0
37358,0
37359,0
37360,0
37361,0
37362,0
37363,0
37364,0
37365,0
37366,0
37367,0
37368,0
37369,0
37370,0
37371,0
37372,0
37373,0
37374,0
37375,0
37376,0
37377,1
37378,0
37379,0
37380,1
37381,0
37382,0
37383,0
37384,1
37385,0
37386,0
37387,0
37388,0
37389,0
37390,0
37391,0
37392,0
37393,0
37394,0
37395,0
37396,0
37397,0
37398,0
37399,0
37400,0
37401,0
37402,0
37403,0
37404,0
37405,0
37406,0
37407,0
37408,0
37409,1
37410,0
37411,0
37412,0
37413,0
37414,0
37415,1
37416,0
37417,0
37418,0
37419,1
37420,0
37421,0
37422,0
37423,0
37424,0
37425,0
37426,0
37427,0
37428,0
37429,0
37430,0
37431,0
37432,1
37433,1
37434,1
37435,1
37436,0
37437,0
37438,0
37439,0
37440,0
37441,0
37442,1
37443,0
37444,0
37445,0
37446,0
37447,1
37448,0
37449,0
37450,0
37451,0
37452,0
37453,0
37454,0
37455,0
37456,0
37457,0
37458,0
37459,0
37460,0
37461,1
37462,0
37463,0
37464,0
37465,0
37466,0
37467,0
37468,0
37469,0
37470,0
37471,0
37472,0
37473,0
37474,0
37475,0
37476,0
37477,0
37478,0
37479,0
37480,0
37481,0
37482,0
37483,0
37484,0
37485,0
37486,0
37487,1
37488,0
37489,0
37490,0
37491,1
37492,0
37493,0
37494,0
37495,0
37496,0
37497,0
37498,0
37499,0
37500,0
37501,0
37502,1
37503,1
37504,0
37505,0
37506,0
37507,0
37508,0
37509,0
37510,0
37511,0
37512,0
37513,0
37514,1
37515,0
37516,0
37517,0
37518,0
37519,0
37520,0
37521,0
37522,0
37523,0
37524,0
37525,0
37526,0
37527,0
37528,0
37529,0
37530,0
37531,0
37532,0
37533,0
37534,0
37535,0
37536,0
37537,0
37538,0
37539,0
37540,0
37541,1
37542,0
37543,0
37544,1
37545,0
37546,0
37547,0
37548,0
37549,0
37550,0
37551,1
37552,0
37553,0
37554,1
37555,0
37556,1
37557,0
37558,0
37559,0
37560,0
37561,0
37562,0
37563,0
37564,0
37565,0
37566,0
37567,0
37568,0
37569,0
37570,0
37571,1
37572,0
37573,0
37574,0
37575,0
37576,0
37577,0
37578,0
37579,0
37580,1
37581,0
37582,0
37583,0
37584,0
37585,0
37586,1
37587,0
37588,0
37589,0
37590,0
37591,0
37592,0
37593,0
37594,0
37595,0
37596,0
37597,0
37598,0
37599,0
37600,0
37601,0
37602,0
37603,0
37604,0
37605,0
37606,1
37607,0
37608,0
37609,0
37610,0
37611,0
37612,0
37613,0
37614,0
37615,0
37616,0
37617,0
37618,0
37619,0
37620,0
37621,1
37622,0
37623,1
37624,0
37625,0
37626,0
37627,0
37628,0
37629,0
37630,0
37631,1
37632,0
37633,0
37634,1
37635,0
37636,0
37637,0
37638,0
37639,0
37640,0
37641,0
37642,0
37643,0
37644,0
37645,0
37646,0
37647,0
37648,0
37649,0
37650,1
37651,1
37652,0
37653,0
37654,1
37655,0
37656,0
37657,0
37658,1
37659,0
37660,1
37661,1
37662,1
37663,0
37664,0
37665,0
37666,0
37667,0
37668,0
37669,0
37670,0
37671,0
37672,0
37673,0
37674,0
37675,0
37676,0
37677,0
37678,1
37679,0
37680,1
37681,0
37682,1
37683,0
37684,0
37685,0
37686,0
37687,0
37688,0
37689,0
37690,0
37691,0
37692,1
37693,0
37694,0
37695,0
37696,0
37697,0
37698,0
37699,0
37700,0
37701,0
37702,0
37703,1
37704,0
37705,0
37706,0
37707,0
37708,0
37709,1
37710,0
37711,0
37712,0
37713,0
37714,0
37715,0
37716,0
37717,0
37718,0
37719,0
37720,1
37721,0
37722,0
37723,1
37724,0
37725,0
37726,0
37727,0
37728,1
37729,0
37730,1
37731,0
37732,1
37733,0
37734,1
37735,0
37736,0
37737,0
37738,0
37739,0
37740,0
37741,0
37742,0
37743,0
37744,1
37745,0
37746,0
37747,0
37748,0
37749,1
37750,0
37751,1
37752,0
37753,0
37754,0
37755,0
37756,0
37757,1
37758,0
37759,0
37760,0
37761,1
37762,1
37763,0
37764,0
37765,0
37766,0
37767,0
37768,0
37769,1
37770,0
37771,0
37772,0
37773,0
37774,0
37775,0
37776,0
37777,0
37778,0
37779,0
37780,1
37781,0
37782,0
37783,0
37784,1
37785,0
37786,0
37787,0
37788,1
37789,0
37790,0
37791,0
37792,0
37793,0
37794,0
37795,0
37796,0
37797,1
37798,0
37799,0
37800,0
37801,0
37802,1
37803,1
37804,0
37805,0
37806,1
37807,1
37808,0
37809,0
37810,0
37811,0
37812,1
37813,0
37814,0
37815,0
37816,0
37817,0
37818,0
37819,0
37820,0
37821,1
37822,0
37823,0
37824,1
37825,0
37826,0
37827,0
37828,0
37829,0
37830,0
37831,0
37832,0
37833,1
37834,0
37835,0
37836,0
37837,0
37838,0
37839,0
37840,0
37841,0
37842,0
37843,0
37844,0
37845,0
37846,0
37847,0
37848,1
37849,0
37850,0
37851,0
37852,1
37853,0
37854,0
37855,0
37856,0
37857,1
37858,0
37859,0
37860,0
37861,0
37862,0
37863,0
37864,0
37865,0
37866,0
37867,0
37868,1
37869,0
37870,0
37871,0
37872,0
37873,0
37874,0
37875,0
37876,1
37877,0
37878,0
37879,0
37880,0
37881,0
37882,0
37883,0
37884,0
37885,0
37886,0
37887,0
37888,0
37889,0
37890,0
37891,0
37892,0
37893,1
37894,1
37895,0
37896,0
37897,1
37898,0
37899,1
37900,0
37901,1
37902,0
37903,0
37904,0
37905,0
37906,0
37907,0
37908,0
37909,0
37910,0
37911,0
37912,0
37913,0
37914,0
37915,0
37916,0
37917,0
37918,1
37919,0
37920,0
37921,0
37922,0
37923,0
37924,0
37925,0
37926,0
37927,0
37928,0
37929,0
37930,1
37931,0
37932,0
37933,0
37934,0
37935,0
37936,1
37937,0
37938,0
37939,0
37940,0
37941,0
37942,0
37943,0
37944,0
37945,0
37946,0
37947,0
37948,1
37949,0
37950,0
37951,0
37952,0
37953,0
37954,0
37955,0
37956,1
37957,0
37958,0
37959,0
37960,0
37961,0
37962,0
37963,1
37964,0
37965,0
37966,0
37967,0
37968,0
37969,0
37970,0
37971,0
37972,0
37973,1
37974,0
37975,0
37976,1
37977,0
37978,0
37979,1
37980,0
37981,0
37982,0
37983,0
37984,0
37985,0
37986,0
37987,0
37988,0
37989,0
37990,1
37991,0
37992,0
37993,0
37994,1
37995,0
37996,1
37997,0
37998,0
37999,0
38000,1
38001,0
38002,0
38003,0
38004,0
38005,0
38006,0
38007,0
38008,0
38009,0
38010,0
38011,0
38012,0
38013,0
38014,0
38015,0
38016,0
38017,0
38018,0
38019,0
38020,0
38021,0
38022,0
38023,0
38024,0
38025,0
38026,0
38027,0
38028,0
38029,0
38030,0
38031,0
38032,0
38033,1
38034,0
38035,0
38036,0
38037,0
38038,0
38039,0
38040,0
38041,1
38042,1
38043,0
38044,0
38045,0
38046,0
38047,0
38048,0
38049,0
38050,0
38051,0
38052,0
38053,0
38054,0
38055,0
38056,0
38057,0
38058,0
38059,0
38060,0
38061,1
38062,0
38063,0
38064,0
38065,0
38066,0
38067,0
38068,0
38069,0
38070,0
38071,0
38072,0
38073,0
38074,0
38075,0
38076,0
38077,0
38078,0
38079,0
38080,0
38081,0
38082,0
38083,1
38084,0
38085,0
38086,0
38087,0
38088,0
38089,0
38090,0
38091,0
38092,0
38093,0
38094,0
38095,1
38096,1
38097,0
38098,1
38099,0
38100,0
38101,0
38102,1
38103,0
38104,1
38105,0
38106,0
38107,0
38108,0
38109,0
38110,1
38111,0
38112,0
38113,0
38114,0
38115,0
38116,0
38117,0
38118,0
38119,0
38120,0
38121,0
38122,0
38123,0
38124,0
38125,0
38126,0
38127,0
38128,0
38129,0
38130,0
38131,0
38132,0
38133,0
38134,1
38135,0
38136,0
38137,0
38138,0
38139,0
38140,1
38141,0
38142,1
38143,0
38144,0
38145,0
38146,0
38147,0
38148,0
38149,0
38150,0
38151,0
38152,1
38153,0
38154,0
38155,0
38156,0
38157,1
38158,0
38159,0
38160,0
38161,0
38162,0
38163,0
38164,0
38165,0
38166,0
38167,0
38168,0
38169,0
38170,0
38171,0
38172,0
38173,0
38174,0
38175,0
38176,0
38177,1
38178,1
38179,0
38180,0
38181,0
38182,0
38183,0
38184,0
38185,0
38186,0
38187,0
38188,0
38189,0
38190,0
38191,0
38192,0
38193,0
38194,0
38195,0
38196,0
38197,0
38198,0
38199,0
38200,0
38201,0
38202,0
38203,0
38204,0
38205,0
38206,0
38207,1
38208,0
38209,0
38210,0
38211,0
38212,0
38213,0
38214,0
38215,0
38216,0
38217,0
38218,0
38219,1
38220,0
38221,0
38222,0
38223,0
38224,1
38225,0
38226,1
38227,0
38228,0
38229,0
38230,0
38231,0
38232,0
38233,0
38234,1
38235,0
38236,0
38237,0
38238,0
38239,0
38240,1
38241,0
38242,0
38243,0
38244,0
38245,0
38246,0
38247,0
38248,1
38249,0
38250,0
38251,0
38252,0
38253,0
38254,0
38255,1
38256,0
38257,1
38258,0
38259,0
38260,0
38261,0
38262,0
38263,0
38264,0
38265,0
38266,0
38267,1
38268,0
38269,0
38270,0
38271,0
38272,0
38273,0
38274,0
38275,0
38276,0
38277,0
38278,1
38279,0
38280,1
38281,0
38282,0
38283,0
38284,0
38285,0
38286,0
38287,0
38288,1
38289,0
38290,0
38291,0
38292,0
38293,0
38294,0
38295,0
38296,0
38297,0
38298,0
38299,0
38300,0
38301,0
38302,0
38303,0
38304,1
38305,0
38306,1
38307,1
38308,0
38309,0
38310,0
38311,0
38312,0
38313,0
38314,0
38315,0
38316,0
38317,0
38318,1
38319,0
38320,0
38321,0
38322,1
38323,0
38324,0
38325,0
38326,1
38327,0
38328,0
38329,0
38330,0
38331,0
38332,0
38333,0
38334,0
38335,1
38336,1
38337,0
38338,0
38339,0
38340,0
38341,0
38342,0
38343,0
38344,1
38345,0
38346,1
38347,0
38348,0
38349,0
38350,0
38351,0
38352,0
38353,0
38354,0
38355,0
38356,1
38357,1
38358,0
38359,0
38360,0
38361,0
38362,0
38363,0
38364,0
38365,0
38366,0
38367,0
38368,0
38369,0
38370,0
38371,0
38372,0
38373,0
38374,0
38375,0
38376,1
38377,0
38378,1
38379,0
38380,0
38381,0
38382,0
38383,0
38384,0
38385,0
38386,0
38387,0
38388,0
38389,0
38390,0
38391,0
38392,0
38393,0
38394,0
38395,0
38396,0
38397,0
38398,0
38399,0
38400,0
38401,0
38402,0
38403,0
38404,0
38405,0
38406,0
38407,0
38408,0
38409,0
38410,0
38411,0
38412,0
38413,0
38414,0
38415,1
38416,0
38417,0
38418,0
38419,0
38420,0
38421,0
38422,0
38423,0
38424,0
38425,0
38426,0
38427,0
38428,1
38429,0
38430,0
38431,0
38432,0
38433,0
38434,0
38435,0
38436,0
38437,1
38438,0
38439,0
38440,0
38441,0
38442,0
38443,0
38444,0
38445,0
38446,0
38447,0
38448,0
38449,0
38450,0
38451,0
38452,0
38453,0
38454,0
38455,0
38456,0
38457,0
38458,0
38459,0
38460,0
38461,0
38462,0
38463,0
38464,0
38465,0
38466,1
38467,0
38468,0
38469,1
38470,0
38471,0
38472,0
38473,1
38474,1
38475,0
38476,0
38477,0
38478,0
38479,1
38480,0
38481,0
38482,0
38483,0
38484,0
38485,0
38486,0
38487,0
38488,0
38489,0
38490,0
38491,1
38492,0
38493,0
38494,0
38495,0
38496,0
38497,0
38498,0
38499,0
38500,0
38501,0
38502,0
38503,0
38504,0
38505,0
38506,0
38507,1
38508,0
38509,0
38510,0
38511,0
38512,0
38513,0
38514,0
38515,1
38516,0
38517,0
38518,0
38519,0
38520,0
38521,0
38522,0
38523,0
38524,0
38525,0
38526,0
38527,0
38528,0
38529,0
38530,0
38531,0
38532,0
38533,0
38534,0
38535,0
38536,0
38537,1
38538,0
38539,0
38540,0
38541,0
38542,0
38543,0
38544,1
38545,0
38546,0
38547,0
38548,1
38549,0
38550,0
38551,0
38552,0
38553,0
38554,1
38555,0
38556,0
38557,0
38558,0
38559,0
38560,0
38561,0
38562,0
38563,0
38564,0
38565,0
38566,0
38567,0
38568,0
38569,0
38570,0
38571,0
38572,1
38573,1
38574,0
38575,0
38576,0
38577,0
38578,0
38579,1
38580,0
38581,0
38582,0
38583,0
38584,0
38585,1
38586,0
38587,0
38588,0
38589,0
38590,0
38591,0
38592,0
38593,0
38594,1
38595,0
38596,0
38597,0
38598,0
38599,0
38600,1
38601,0
38602,0
38603,0
38604,1
38605,0
38606,0
38607,0
38608,0
38609,0
38610,1
38611,0
38612,0
38613,0
38614,0
38615,0
38616,0
38617,0
38618,0
38619,0
38620,0
38621,0
38622,1
38623,0
38624,0
38625,0
38626,0
38627,0
38628,0
38629,0
38630,1
38631,0
38632,0
38633,1
38634,0
38635,1
38636,0
38637,0
38638,0
38639,0
38640,0
38641,0
38642,0
38643,0
38644,1
38645,0
38646,0
38647,0
38648,0
38649,1
38650,0
38651,0
38652,0
38653,0
38654,0
38655,0
38656,0
38657,0
38658,0
38659,1
38660,0
38661,0
38662,0
38663,1
38664,0
38665,0
38666,0
38667,0
38668,0
38669,1
38670,0
38671,0
38672,0
38673,0
38674,0
38675,0
38676,0
38677,0
38678,0
38679,0
38680,1
38681,0
38682,1
38683,0
38684,0
38685,0
38686,0
38687,0
38688,0
38689,0
38690,0
38691,0
38692,0
38693,0
38694,0
38695,0
38696,0
38697,0
38698,1
38699,0
38700,0
38701,0
38702,0
38703,1
38704,0
38705,0
38706,0
38707,0
38708,0
38709,0
38710,0
38711,1
38712,1
38713,0
38714,0
38715,0
38716,0
38717,0
38718,0
38719,0
38720,0
38721,1
38722,0
38723,0
38724,0
38725,0
38726,0
38727,0
38728,0
38729,0
38730,1
38731,0
38732,0
38733,0
38734,0
38735,0
38736,0
38737,0
38738,0
38739,0
38740,1
38741,0
38742,0
38743,0
38744,0
38745,1
38746,0
38747,0
38748,0
38749,0
38750,0
38751,0
38752,0
38753,0
38754,0
38755,1
38756,0
38757,0
38758,0
38759,0
38760,0
38761,0
38762,0
38763,1
38764,0
38765,0
38766,0
38767,0
38768,0
38769,0
38770,0
38771,0
38772,1
38773,0
38774,1
38775,0
38776,0
38777,0
38778,1
38779,0
38780,0
38781,1
38782,0
38783,0
38784,0
38785,0
38786,0
38787,0
38788,0
38789,0
38790,0
38791,0
38792,0
38793,0
38794,0
38795,0
38796,0
38797,0
38798,0
38799,0
38800,1
38801,0
38802,0
38803,0
38804,0
38805,0
38806,0
38807,0
38808,0
38809,0
38810,0
38811,1
38812,0
38813,0
38814,0
38815,0
38816,0
38817,0
38818,0
38819,0
38820,0
38821,1
38822,0
38823,0
38824,0
38825,0
38826,0
38827,0
38828,1
38829,0
38830,0
38831,1
38832,0
38833,0
38834,0
38835,0
38836,0
38837,1
38838,0
38839,0
38840,0
38841,0
38842,0
38843,0
38844,0
38845,0
38846,1
38847,0
38848,0
38849,0
38850,0
38851,0
38852,0
38853,1
38854,0
38855,1
38856,0
38857,0
38858,1
38859,0
38860,0
38861,0
38862,0
38863,1
38864,0
38865,0
38866,0
38867,0
38868,0
38869,1
38870,0
38871,0
38872,1
38873,1
38874,0
38875,0
38876,0
38877,0
38878,0
38879,0
38880,0
38881,0
38882,0
38883,0
38884,0
38885,0
38886,0
38887,0
38888,0
38889,0
38890,0
38891,0
38892,0
38893,0
38894,0
38895,0
38896,1
38897,0
38898,1
38899,0
38900,0
38901,0
38902,0
38903,0
38904,0
38905,0
38906,0
38907,0
38908,0
38909,0
38910,0
38911,0
38912,0
38913,0
38914,0
38915,0
38916,0
38917,0
38918,0
38919,0
38920,1
38921,0
38922,0
38923,0
38924,0
38925,0
38926,0
38927,0
38928,0
38929,0
38930,0
38931,0
38932,0
38933,0
38934,0
38935,0
38936,0
38937,0
38938,0
38939,0
38940,0
38941,0
38942,0
38943,0
38944,0
38945,1
38946,0
38947,0
38948,1
38949,0
38950,0
38951,0
38952,0
38953,0
38954,0
38955,0
38956,1
38957,1
38958,0
38959,0
38960,0
38961,0
38962,1
38963,0
38964,0
38965,0
38966,0
38967,0
38968,0
38969,0
38970,0
38971,0
38972,0
38973,0
38974,0
38975,0
38976,0
38977,0
38978,0
38979,0
38980,0
38981,1
38982,0
38983,0
38984,0
38985,1
38986,0
38987,0
38988,0
38989,0
38990,0
38991,0
38992,0
38993,0
38994,0
38995,0
38996,1
38997,0
38998,0
38999,0
39000,0
39001,0
39002,0
39003,0
39004,0
39005,0
39006,0
39007,0
39008,0
39009,0
39010,0
39011,0
39012,0
39013,0
39014,0
39015,0
39016,0
39017,0
39018,0
39019,0
39020,1
39021,0
39022,0
39023,0
39024,0
39025,1
39026,0
39027,0
39028,0
39029,0
39030,0
39031,0
39032,0
39033,0
39034,0
39035,0
39036,0
39037,0
39038,0
39039,1
39040,1
39041,0
39042,0
39043,0
39044,0
39045,1
39046,0
39047,0
39048,0
39049,0
39050,0
39051,0
39052,0
39053,0
39054,0
39055,0
39056,0
39057,0
39058,0
39059,1
39060,0
39061,1
39062,0
39063,0
39064,0
39065,0
39066,0
39067,0
39068,1
39069,0
39070,1
39071,0
39072,0
39073,0
39074,0
39075,0
39076,0
39077,0
39078,0
39079,0
39080,0
39081,0
39082,0
39083,0
39084,1
39085,0
39086,0
39087,0
39088,0
39089,1
39090,0
39091,1
39092,0
39093,0
39094,0
39095,0
39096,0
39097,0
39098,0
39099,0
39100,1
39101,0
39102,1
39103,0
39104,0
39105,0
39106,0
39107,0
39108,0
39109,0
39110,0
39111,0
39112,0
39113,1
39114,1
39115,1
39116,0
39117,0
39118,0
39119,0
39120,0
39121,0
39122,0
39123,0
39124,1
39125,0
39126,1
39127,0
39128,0
39129,0
39130,0
39131,0
39132,0
39133,0
39134,0
39135,0
39136,0
39137,0
39138,0
39139,1
39140,0
39141,0
39142,1
39143,0
39144,0
39145,0
39146,0
39147,0
39148,0
39149,0
39150,0
39151,0
39152,0
39153,0
39154,0
39155,0
39156,0
39157,0
39158,0
39159,0
39160,1
39161,0
39162,0
39163,0
39164,1
39165,0
39166,1
39167,1
39168,1
39169,0
39170,1
39171,0
39172,0
39173,0
39174,0
39175,0
39176,0
39177,0
39178,0
39179,0
39180,0
39181,0
39182,0
39183,0
39184,0
39185,0
39186,0
39187,0
39188,0
39189,0
39190,0
39191,0
39192,0
39193,0
39194,0
39195,0
39196,0
39197,1
39198,1
39199,1
39200,0
39201,0
39202,0
39203,0
39204,1
39205,0
39206,0
39207,0
39208,0
39209,0
39210,0
39211,0
39212,0
39213,0
39214,0
39215,0
39216,0
39217,0
39218,0
39219,0
39220,0
39221,0
39222,0
39223,0
39224,0
39225,1
39226,0
39227,0
39228,0
39229,0
39230,1
39231,0
39232,0
39233,0
39234,1
39235,0
39236,1
39237,0
39238,0
39239,0
39240,0
39241,0
39242,0
39243,0
39244,0
39245,0
39246,0
39247,1
39248,0
39249,0
39250,0
39251,0
39252,1
39253,0
39254,0
39255,0
39256,0
39257,0
39258,1
39259,0
39260,0
39261,1
39262,0
39263,0
39264,0
39265,0
39266,0
39267,0
39268,0
39269,0
39270,0
39271,0
39272,0
39273,1
39274,0
39275,0
39276,0
39277,0
39278,0
39279,0
39280,0
39281,1
39282,0
39283,0
39284,0
39285,1
39286,1
39287,0
39288,1
39289,0
39290,0
39291,0
39292,1
39293,0
39294,0
39295,0
39296,0
39297,0
39298,0
39299,0
39300,0
39301,0
39302,1
39303,0
39304,0
39305,0
39306,1
39307,0
39308,0
39309,0
39310,0
39311,0
39312,1
39313,0
39314,0
39315,0
39316,0
39317,0
39318,0
39319,0
39320,0
39321,0
39322,0
39323,0
39324,0
39325,0
39326,0
39327,0
39328,0
39329,1
39330,0
39331,0
39332,0
39333,0
39334,0
39335,0
39336,1
39337,0
39338,0
39339,0
39340,0
39341,0
39342,0
39343,1
39344,0
39345,0
39346,0
39347,0
39348,0
39349,0
39350,0
39351,1
39352,0
39353,0
39354,0
39355,1
39356,0
39357,0
39358,0
39359,0
39360,0
39361,1
39362,0
39363,0
39364,0
39365,0
39366,0
39367,0
39368,1
39369,0
39370,0
39371,0
39372,0
39373,0
39374,0
39375,0
39376,0
39377,0
39378,0
39379,1
39380,0
39381,1
39382,0
39383,0
39384,0
39385,1
39386,1
39387,0
39388,0
39389,0
39390,0
39391,0
39392,1
39393,0
39394,0
39395,0
39396,0
39397,0
39398,0
39399,0
39400,1
39401,1
39402,0
39403,0
39404,0
39405,0
39406,0
39407,0
39408,0
39409,0
39410,0
39411,0
39412,0
39413,0
39414,1
39415,0
39416,0
39417,0
39418,0
39419,0
39420,0
39421,0
39422,1
39423,1
39424,0
39425,1
39426,0
39427,0
39428,1
39429,0
39430,0
39431,0
39432,0
39433,0
39434,0
39435,0
39436,0
39437,0
39438,1
39439,0
39440,0
39441,0
39442,0
39443,0
39444,0
39445,0
39446,0
39447,0
39448,0
39449,1
39450,0
39451,0
39452,0
39453,0
39454,0
39455,0
39456,0
39457,0
39458,0
39459,0
39460,0
39461,1
39462,0
39463,0
39464,0
39465,0
39466,0
39467,1
39468,1
39469,0
39470,1
39471,0
39472,0
39473,0
39474,0
39475,0
39476,0
39477,1
39478,0
39479,1
39480,1
39481,0
39482,1
39483,1
39484,0
39485,0
39486,0
39487,0
39488,0
39489,1
39490,0
39491,0
39492,0
39493,0
39494,0
39495,0
39496,0
39497,0
39498,0
39499,0
39500,0
39501,0
39502,0
39503,1
39504,0
39505,0
39506,0
39507,0
39508,0
39509,0
39510,0
39511,0
39512,0
39513,0
39514,0
39515,0
39516,0
39517,0
39518,0
39519,0
39520,0
39521,0
39522,0
39523,1
39524,0
39525,0
39526,0
39527,0
39528,0
39529,0
39530,0
39531,0
39532,0
39533,0
39534,0
39535,0
39536,0
39537,0
39538,0
39539,0
39540,0
39541,0
39542,0
39543,0
39544,0
39545,0
39546,0
39547,0
39548,0
39549,0
39550,0
39551,0
39552,1
39553,0
39554,0
39555,0
39556,0
39557,0
39558,1
39559,0
39560,0
39561,0
39562,0
39563,0
39564,1
39565,0
39566,0
39567,0
39568,1
39569,0
39570,0
39571,0
39572,0
39573,0
39574,0
39575,0
39576,0
39577,0
39578,0
39579,0
39580,0
39581,0
39582,0
39583,0
39584,1
39585,0
39586,0
39587,0
39588,0
39589,0
39590,0
39591,0
39592,0
39593,0
39594,0
39595,0
39596,1
39597,0
39598,0
39599,0
39600,1
39601,0
39602,0
39603,0
39604,0
39605,0
39606,0
39607,0
39608,0
39609,1
39610,0
39611,0
39612,0
39613,0
39614,0
39615,0
39616,0
39617,0
39618,0
39619,0
39620,0
39621,0
39622,0
39623,0
39624,0
39625,0
39626,0
39627,0
39628,0
39629,0
39630,0
39631,0
39632,0
39633,0
39634,0
39635,0
39636,0
39637,0
39638,0
39639,1
39640,0
39641,0
39642,0
39643,1
39644,0
39645,0
39646,0
39647,0
39648,0
39649,0
39650,0
39651,0
39652,0
39653,1
39654,0
39655,0
39656,0
39657,0
39658,0
39659,0
39660,0
39661,0
39662,0
39663,0
39664,0
39665,0
39666,1
39667,0
39668,1
39669,0
39670,0
39671,0
39672,1
39673,1
39674,0
39675,0
39676,1
39677,0
39678,0
39679,0
39680,0
39681,0
39682,0
39683,0
39684,0
39685,0
39686,0
39687,0
39688,0
39689,0
39690,0
39691,1
39692,1
39693,1
39694,0
39695,0
39696,0
39697,0
39698,0
39699,1
39700,1
39701,0
39702,0
39703,0
39704,1
39705,0
39706,1
39707,0
39708,0
39709,0
39710,0
39711,0
39712,0
39713,0
39714,1
39715,1
39716,0
39717,0
39718,0
39719,0
39720,0
39721,0
39722,0
39723,0
39724,0
39725,0
39726,1
39727,0
39728,0
39729,0
39730,0
39731,0
39732,0
39733,0
39734,0
39735,0
39736,0
39737,0
39738,0
39739,1
39740,0
39741,0
39742,0
39743,0
39744,0
39745,0
39746,0
39747,0
39748,1
39749,0
39750,0
39751,0
39752,0
39753,0
39754,0
39755,0
39756,0
39757,1
39758,0
39759,0
39760,0
39761,0
39762,1
39763,0
39764,0
39765,1
39766,0
39767,0
39768,0
39769,1
39770,0
39771,1
39772,0
39773,0
39774,0
39775,0
39776,1
39777,0
39778,0
39779,0
39780,0
39781,0
39782,0
39783,1
39784,0
39785,0
39786,0
39787,0
39788,0
39789,0
39790,0
39791,0
39792,0
39793,0
39794,0
39795,0
39796,0
39797,0
39798,0
39799,0
39800,1
39801,0
39802,0
39803,0
39804,0
39805,0
39806,0
39807,0
39808,0
39809,1
39810,0
39811,0
39812,0
39813,0
39814,0
39815,0
39816,0
39817,0
39818,0
39819,1
39820,1
39821,0
39822,0
39823,0
39824,0
39825,0
39826,0
39827,0
39828,0
39829,0
39830,0
39831,0
39832,0
39833,1
39834,0
39835,0
39836,0
39837,0
39838,0
39839,0
39840,0
39841,0
39842,0
39843,0
39844,0
39845,0
39846,0
39847,0
39848,0
39849,0
39850,0
39851,0
39852,0
39853,0
39854,0
39855,0
39856,0
39857,0
39858,1
39859,0
39860,0
39861,1
39862,0
39863,0
39864,0
39865,0
39866,0
39867,0
39868,0
39869,0
39870,0
39871,1
39872,0
39873,0
39874,0
39875,0
39876,0
39877,1
39878,0
39879,0
39880,0
39881,0
39882,0
39883,0
39884,0
39885,0
39886,0
39887,0
39888,0
39889,0
39890,0
39891,0
39892,0
39893,0
39894,0
39895,0
39896,0
39897,0
39898,0
39899,0
39900,0
39901,0
39902,1
39903,0
39904,1
39905,0
39906,0
39907,0
39908,0
39909,0
39910,0
39911,0
39912,0
39913,0
39914,0
39915,0
39916,0
39917,0
39918,0
39919,0
39920,0
39921,0
39922,1
39923,0
39924,0
39925,0
39926,0
39927,0
39928,1
39929,1
39930,0
39931,0
39932,0
39933,0
39934,0
39935,0
39936,0
39937,0
39938,0
39939,0
39940,0
39941,0
39942,0
39943,1
39944,0
39945,0
39946,0
39947,0
39948,1
39949,0
39950,0
39951,0
39952,0
39953,0
39954,0
39955,0
39956,0
39957,0
39958,0
39959,0
39960,0
39961,0
39962,0
39963,0
39964,0
39965,0
39966,0
39967,0
39968,0
39969,0
39970,0
39971,0
39972,0
39973,0
39974,0
39975,0
39976,0
39977,0
39978,0
39979,0
39980,0
39981,0
39982,0
39983,0
39984,0
39985,0
39986,0
39987,0
39988,1
39989,1
39990,0
39991,0
39992,0
39993,0
39994,1
39995,0
39996,0
39997,0
39998,0
39999,0
40000,1
40001,1
40002,0
40003,0
40004,0
40005,0
40006,1
40007,0
40008,0
40009,0
40010,0
40011,0
40012,0
40013,0
40014,0
40015,0
40016,0
40017,0
40018,0
40019,0
40020,0
40021,0
40022,0
40023,0
40024,0
40025,0
40026,0
40027,0
40028,1
40029,0
40030,1
40031,0
40032,0
40033,0
40034,0
40035,0
40036,1
40037,0
40038,0
40039,0
40040,0
40041,0
40042,0
40043,0
40044,0
40045,0
40046,0
40047,0
40048,0
40049,0
40050,0
40051,0
40052,0
40053,0
40054,0
40055,0
40056,0
40057,0
40058,0
40059,0
40060,0
40061,0
40062,0
40063,0
40064,1
40065,0
40066,0
40067,0
40068,0
40069,0
40070,0
40071,1
40072,0
40073,0
40074,0
40075,0
40076,0
40077,0
40078,0
40079,0
40080,0
40081,1
40082,0
40083,0
40084,0
40085,0
40086,0
40087,0
40088,0
40089,0
40090,0
40091,0
40092,0
40093,0
40094,1
40095,1
40096,0
40097,0
40098,1
40099,0
40100,0
40101,0
40102,1
40103,0
40104,0
40105,0
40106,0
40107,1
40108,0
40109,0
40110,1
40111,0
40112,1
40113,0
40114,1
40115,0
40116,0
40117,0
40118,0
40119,0
40120,0
40121,0
40122,0
40123,0
40124,1
40125,0
40126,0
40127,0
40128,0
40129,1
40130,0
40131,0
40132,0
40133,0
40134,0
40135,0
40136,0
40137,0
40138,0
40139,0
40140,0
40141,0
40142,0
40143,0
40144,0
40145,0
40146,0
40147,0
40148,0
40149,0
40150,1
40151,0
40152,0
40153,0
40154,1
40155,0
40156,0
40157,0
40158,0
40159,0
40160,0
40161,0
40162,0
40163,1
40164,0
40165,0
40166,1
40167,0
40168,0
40169,0
40170,1
40171,0
40172,0
40173,0
40174,0
40175,0
40176,0
40177,0
40178,1
40179,1
40180,1
40181,0
40182,0
40183,0
40184,0
40185,0
40186,1
40187,0
40188,0
40189,0
40190,0
40191,0
40192,0
40193,0
40194,0
40195,0
40196,0
40197,0
40198,1
40199,0
40200,0
40201,0
40202,0
40203,0
40204,0
40205,0
40206,0
40207,0
40208,0
40209,0
40210,0
40211,0
40212,0
40213,0
40214,0
40215,0
40216,1
40217,0
40218,0
40219,0
40220,1
40221,0
40222,0
40223,0
40224,0
40225,0
40226,0
40227,1
40228,0
40229,0
40230,0
40231,0
40232,0
40233,0
40234,0
40235,0
40236,0
40237,0
40238,0
40239,0
40240,0
40241,0
40242,0
40243,1
40244,0
40245,0
40246,0
40247,0
40248,1
40249,0
40250,0
40251,1
40252,0
40253,0
40254,0
40255,1
40256,0
40257,0
40258,0
40259,1
40260,1
40261,0
40262,0
40263,0
40264,0
40265,0
40266,0
40267,0
40268,0
40269,0
40270,1
40271,0
40272,0
40273,0
40274,1
40275,0
40276,0
40277,0
40278,0
40279,0
40280,0
40281,0
40282,0
40283,0
40284,0
40285,0
40286,0
40287,1
40288,0
40289,0
40290,0
40291,0
40292,0
40293,0
40294,1
40295,1
40296,0
40297,0
40298,0
40299,1
40300,0
40301,0
40302,0
40303,0
40304,0
40305,0
40306,0
40307,0
40308,0
40309,0
40310,0
40311,0
40312,0
40313,0
40314,0
40315,0
40316,0
40317,0
40318,0
40319,0
40320,0
40321,1
40322,0
40323,0
40324,0
40325,0
40326,1
40327,0
40328,0
40329,0
40330,0
40331,0
40332,0
40333,0
40334,0
40335,0
40336,0
40337,1
40338,0
40339,0
40340,0
40341,0
40342,0
40343,0
40344,0
40345,0
40346,0
40347,0
40348,0
40349,0
40350,0
40351,0
40352,0
40353,0
40354,1
40355,0
40356,1
40357,0
40358,0
40359,0
40360,0
40361,0
40362,0
40363,0
40364,0
40365,0
40366,0
40367,0
40368,0
40369,0
40370,0
40371,0
40372,0
40373,1
40374,0
40375,0
40376,0
40377,0
40378,0
40379,0
40380,0
40381,0
40382,0
40383,0
40384,0
40385,1
40386,0
40387,1
40388,0
40389,0
40390,1
40391,0
40392,0
40393,0
40394,0
40395,0
40396,0
40397,0
40398,0
40399,0
40400,1
40401,0
40402,0
40403,0
40404,0
40405,0
40406,0
40407,0
40408,0
40409,0
40410,0
40411,1
40412,0
40413,0
40414,0
40415,1
40416,0
40417,1
40418,1
40419,0
40420,0
40421,0
40422,0
40423,0
40424,0
40425,0
40426,0
40427,0
40428,0
40429,1
40430,0
40431,0
40432,0
40433,0
40434,0
40435,0
40436,0
40437,0
40438,0
40439,0
40440,1
40441,0
40442,0
40443,0
40444,0
40445,0
40446,1
40447,1
40448,0
40449,0
40450,0
40451,0
40452,0
40453,0
40454,0
40455,0
40456,0
40457,0
40458,0
40459,0
40460,0
40461,0
40462,1
40463,0
40464,1
40465,0
40466,1
40467,0
40468,0
40469,0
40470,0
40471,0
40472,0
40473,0
40474,0
40475,0
40476,1
40477,0
40478,0
40479,0
40480,0
40481,0
40482,1
40483,0
40484,0
40485,1
40486,0
40487,1
40488,0
40489,0
40490,0
40491,1
40492,0
40493,0
40494,0
40495,0
40496,0
40497,0
40498,0
40499,0
40500,0
40501,0
40502,0
40503,0
40504,0
40505,0
40506,0
40507,0
40508,1
40509,0
40510,0
40511,0
40512,0
40513,0
40514,0
40515,0
40516,0
40517,0
40518,0
40519,0
40520,0
40521,0
40522,0
40523,0
40524,0
40525,0
40526,0
40527,0
40528,0
40529,0
40530,1
40531,0
40532,0
40533,0
40534,1
40535,0
40536,1
40537,0
40538,0
40539,0
40540,0
40541,0
40542,0
40543,0
40544,0
40545,0
40546,0
40547,0
40548,0
40549,0
40550,0
40551,0
40552,0
40553,0
40554,1
40555,0
40556,1
40557,0
40558,0
40559,0
40560,0
40561,0
40562,1
40563,1
40564,0
40565,0
40566,0
40567,0
40568,0
40569,0
40570,0
40571,1
40572,0
40573,0
40574,0
40575,0
40576,0
40577,0
40578,0
40579,0
40580,0
40581,0
40582,0
40583,0
40584,0
40585,1
40586,0
40587,0
40588,0
40589,0
40590,0
40591,0
40592,1
40593,0
40594,0
40595,0
40596,1
40597,0
40598,1
40599,0
40600,1
40601,0
40602,1
40603,0
40604,0
40605,0
40606,0
40607,0
40608,0
40609,0
40610,0
40611,0
40612,0
40613,0
40614,0
40615,0
40616,0
40617,0
40618,0
40619,0
40620,0
40621,0
40622,1
40623,0
40624,1
40625,1
40626,0
40627,0
40628,0
40629,0
40630,0
40631,0
40632,0
40633,0
40634,0
40635,0
40636,1
40637,0
40638,0
40639,0
40640,0
40641,0
40642,0
40643,0
40644,0
40645,0
40646,0
40647,1
40648,0
40649,0
40650,0
40651,0
40652,0
40653,1
40654,0
40655,0
40656,0
40657,0
40658,0
40659,0
40660,0
40661,0
40662,0
40663,0
40664,0
40665,1
40666,0
40667,1
40668,0
40669,0
40670,1
40671,0
40672,0
40673,0
40674,0
40675,0
40676,0
40677,0
40678,0
40679,0
40680,0
40681,0
40682,0
40683,1
40684,1
40685,0
40686,0
40687,0
40688,0
40689,0
40690,1
40691,1
40692,0
40693,0
40694,0
40695,0
40696,0
40697,0
40698,0
40699,0
40700,0
40701,1
40702,1
40703,0
40704,0
40705,0
40706,0
40707,0
40708,0
40709,0
40710,0
40711,0
40712,1
40713,0
40714,0
40715,0
40716,0
40717,0
40718,1
40719,0
40720,0
40721,0
40722,0
40723,0
40724,0
40725,0
40726,0
40727,0
40728,0
40729,0
40730,0
40731,0
40732,0
40733,0
40734,0
40735,0
40736,0
40737,0
40738,1
40739,0
40740,0
40741,0
40742,0
40743,0
40744,0
40745,0
40746,0
40747,1
40748,0
40749,0
40750,0
40751,0
40752,1
40753,0
40754,0
40755,0
40756,0
40757,0
40758,0
40759,1
40760,0
40761,0
40762,0
40763,0
40764,0
40765,0
40766,0
40767,0
40768,0
40769,0
40770,0
40771,0
40772,1
40773,0
40774,0
40775,0
40776,0
40777,0
40778,0
40779,1
40780,0
40781,0
40782,0
40783,0
40784,0
40785,0
40786,0
40787,0
40788,0
40789,1
40790,0
40791,0
40792,0
40793,0
40794,0
40795,0
40796,0
40797,0
40798,0
40799,0
40800,0
40801,0
40802,0
40803,0
40804,0
40805,0
40806,0
40807,0
40808,0
40809,0
40810,1
40811,0
40812,0
40813,0
40814,0
40815,0
40816,0
40817,1
40818,0
40819,0
40820,0
40821,0
40822,0
40823,1
40824,0
40825,0
40826,0
40827,0
40828,1
40829,0
40830,1
40831,0
40832,1
40833,0
40834,0
40835,0
40836,0
40837,0
40838,0
40839,0
40840,0
40841,0
40842,0
40843,1
40844,0
40845,0
40846,0
40847,0
40848,0
40849,0
40850,0
40851,0
40852,0
40853,0
40854,0
40855,0
40856,1
40857,0
40858,0
40859,0
40860,0
40861,0
40862,0
40863,0
40864,1
40865,1
40866,0
40867,0
40868,0
40869,0
40870,0
40871,0
40872,0
40873,0
40874,0
40875,1
40876,0
40877,0
40878,1
40879,0
40880,0
40881,0
40882,0
40883,0
40884,0
40885,0
40886,0
40887,1
40888,0
40889,0
40890,0
40891,0
40892,0
40893,0
40894,1
40895,0
40896,0
40897,0
40898,0
40899,1
40900,0
40901,0
40902,1
40903,0
40904,0
40905,0
40906,0
40907,0
40908,0
40909,0
40910,0
40911,0
40912,0
40913,0
40914,1
40915,0
40916,0
40917,0
40918,0
40919,0
40920,0
40921,1
40922,0
40923,0
40924,0
40925,0
40926,0
40927,0
40928,0
40929,0
40930,0
40931,1
40932,0
40933,0
40934,1
40935,0
40936,0
40937,0
40938,0
40939,0
40940,0
40941,0
40942,0
40943,0
40944,0
40945,0
40946,0
40947,1
40948,0
40949,0
40950,0
40951,0
40952,1
40953,0
40954,0
40955,0
40956,0
40957,1
40958,0
40959,0
40960,0
40961,0
40962,0
40963,0
40964,0
40965,1
40966,0
40967,0
40968,0
40969,0
40970,1
40971,0
40972,0
40973,0
40974,0
40975,0
40976,0
40977,0
40978,0
40979,0
40980,0
40981,0
40982,0
40983,0
40984,0
40985,0
40986,0
40987,0
40988,0
40989,0
40990,0
40991,1
40992,0
40993,0
40994,1
40995,0
40996,0
40997,0
40998,0
40999,0
41000,0
41001,0
41002,0
41003,0
41004,0
41005,0
41006,0
41007,0
41008,0
41009,1
41010,1
41011,0
41012,0
41013,0
41014,0
41015,0
41016,1
41017,0
41018,0
41019,0
41020,0
41021,0
41022,0
41023,0
41024,0
41025,0
41026,0
41027,0
41028,0
41029,0
41030,0
41031,0
41032,0
41033,0
41034,0
41035,1
41036,0
41037,0
41038,1
41039,0
41040,0
41041,0
41042,0
41043,0
41044,0
41045,0
41046,0
41047,1
41048,0
41049,0
41050,0
41051,0
41052,0
41053,0
41054,0
41055,0
41056,0
41057,0
41058,0
41059,0
41060,0
41061,0
41062,0
41063,1
41064,0
41065,0
41066,0
41067,0
41068,0
41069,0
41070,0
41071,1
41072,1
41073,0
41074,0
41075,0
41076,0
41077,0
41078,0
41079,0
41080,0
41081,0
41082,0
41083,0
41084,0
41085,0
41086,0
41087,0
41088,0
41089,0
41090,0
41091,0
41092,0
41093,0
41094,0
41095,1
41096,0
41097,0
41098,0
41099,0
41100,0
41101,0
41102,0
41103,0
41104,0
41105,0
41106,0
41107,0
41108,1
41109,0
41110,0
41111,0
41112,1
41113,0
41114,0
41115,1
41116,0
41117,0
41118,1
41119,0
41120,0
41121,0
41122,0
41123,0
41124,0
41125,0
41126,0
41127,0
41128,0
41129,0
41130,0
41131,0
41132,1
41133,0
41134,0
41135,0
41136,0
41137,0
41138,0
41139,0
41140,0
41141,0
41142,1
41143,0
41144,0
41145,0
41146,0
41147,0
41148,0
41149,0
41150,0
41151,0
41152,0
41153,0
41154,1
41155,0
41156,0
41157,1
41158,0
41159,0
41160,0
41161,0
41162,1
41163,0
41164,0
41165,0
41166,0
41167,1
41168,0
41169,0
41170,0
41171,0
41172,0
41173,0
41174,0
41175,0
41176,1
41177,0
41178,0
41179,0
41180,0
41181,0
41182,0
41183,0
41184,0
41185,0
41186,0
41187,0
41188,0
41189,0
41190,0
41191,0
41192,0
41193,0
41194,0
41195,0
41196,1
41197,0
41198,0
41199,0
41200,0
41201,0
41202,0
41203,0
41204,0
41205,1
41206,1
41207,0
41208,0
41209,0
41210,0
41211,0
41212,1
41213,1
41214,0
41215,1
41216,0
41217,0
41218,0
41219,0
41220,0
41221,0
41222,0
41223,0
41224,0
41225,0
41226,0
41227,0
41228,0
41229,0
41230,0
41231,0
41232,0
41233,0
41234,0
41235,0
41236,0
41237,0
41238,0
41239,0
41240,0
41241,0
41242,0
41243,0
41244,0
41245,0
41246,0
41247,0
41248,0
41249,0
41250,0
41251,0
41252,0
41253,0
41254,0
41255,0
41256,1
41257,0
41258,1
41259,1
41260,0
41261,0
41262,0
41263,0
41264,0
41265,0
41266,0
41267,0
41268,0
41269,0
41270,0
41271,0
41272,0
41273,0
41274,0
41275,0
41276,0
41277,1
41278,0
41279,0
41280,0
41281,0
41282,0
41283,1
41284,0
41285,1
41286,0
41287,1
41288,0
41289,1
41290,0
41291,0
41292,0
41293,0
41294,0
41295,0
41296,0
41297,0
41298,0
41299,0
41300,0
41301,0
41302,0
41303,1
41304,0
41305,1
41306,0
41307,0
41308,0
41309,0
41310,0
41311,0
41312,0
41313,0
41314,0
41315,0
41316,1
41317,0
41318,0
41319,0
41320,0
41321,0
41322,0
41323,0
41324,1
41325,0
41326,0
41327,0
41328,0
41329,0
41330,0
41331,0
41332,0
41333,0
41334,0
41335,0
41336,0
41337,0
41338,0
41339,0
41340,0
41341,0
41342,0
41343,0
41344,0
41345,0
41346,0
41347,0
41348,1
41349,0
41350,0
41351,0
41352,0
41353,0
41354,0
41355,0
41356,0
41357,0
41358,0
41359,1
41360,1
41361,1
41362,0
41363,0
41364,0
41365,0
41366,0
41367,0
41368,0
41369,0
41370,0
41371,0
41372,0
41373,0
41374,0
41375,1
41376,0
41377,0
41378,1
41379,0
41380,0
41381,0
41382,0
41383,0
41384,0
41385,0
41386,0
41387,0
41388,0
41389,0
41390,0
41391,0
41392,0
41393,0
41394,0
41395,0
41396,0
41397,0
41398,1
41399,0
41400,0
41401,1
41402,0
41403,0
41404,0
41405,0
41406,0
41407,0
41408,0
41409,0
41410,0
41411,0
41412,0
41413,0
41414,0
41415,1
41416,0
41417,0
41418,0
41419,0
41420,0
41421,0
41422,0
41423,0
41424,0
41425,0
41426,0
41427,1
41428,0
41429,0
41430,1
41431,0
41432,0
41433,1
41434,0
41435,0
41436,1
41437,0
41438,0
41439,0
41440,1
41441,0
41442,0
41443,0
41444,0
41445,0
41446,0
41447,0
41448,0
41449,0
41450,0
41451,0
41452,1
41453,0
41454,0
41455,0
41456,0
41457,0
41458,0
41459,0
41460,0
41461,0
41462,0
41463,0
41464,1
41465,0
41466,1
41467,0
41468,0
41469,0
41470,0
41471,1
41472,0
41473,1
41474,0
41475,0
41476,0
41477,0
41478,0
41479,1
41480,0
41481,0
41482,1
41483,0
41484,0
41485,0
41486,0
41487,0
41488,0
41489,0
41490,0
41491,0
41492,0
41493,0
41494,0
41495,0
41496,0
41497,0
41498,0
41499,0
41500,0
41501,1
41502,0
41503,0
41504,0
41505,1
41506,0
41507,0
41508,1
41509,0
41510,0
41511,1
41512,0
41513,1
41514,0
41515,0
41516,1
41517,0
41518,0
41519,0
41520,0
41521,0
41522,0
41523,0
41524,0
41525,0
41526,0
41527,0
41528,0
41529,0
41530,0
41531,0
41532,0
41533,0
41534,0
41535,0
41536,0
41537,0
41538,0
41539,0
41540,0
41541,0
41542,0
41543,0
41544,0
41545,0
41546,0
41547,1
41548,0
41549,0
41550,0
41551,0
41552,0
41553,0
41554,0
41555,1
41556,1
41557,1
41558,0
41559,0
41560,0
41561,0
41562,0
41563,0
41564,0
41565,0
41566,0
41567,0
41568,0
41569,0
41570,0
41571,1
41572,1
41573,0
41574,1
41575,0
41576,0
41577,0
41578,0
41579,0
41580,0
41581,0
41582,0
41583,0
41584,0
41585,0
41586,0
41587,1
41588,1
41589,0
41590,0
41591,0
41592,0
41593,0
41594,0
41595,0
41596,0
41597,0
41598,0
41599,0
41600,0
41601,0
41602,0
41603,0
41604,0
41605,0
41606,1
41607,0
41608,0
41609,0
41610,0
41611,1
41612,0
41613,0
41614,0
41615,0
41616,0
41617,0
41618,0
41619,0
41620,0
41621,0
41622,0
41623,0
41624,0
41625,0
41626,0
41627,0
41628,0
41629,0
41630,0
41631,0
41632,0
41633,0
41634,1
41635,1
41636,0
41637,0
41638,0
41639,1
41640,0
41641,0
41642,0
41643,0
41644,0
41645,0
41646,0
41647,0
41648,0
41649,0
41650,0
41651,0
41652,0
41653,0
41654,0
41655,0
41656,0
41657,0
41658,0
41659,0
41660,0
41661,0
41662,0
41663,1
41664,0
41665,0
41666,0
41667,0
41668,0
41669,0
41670,0
41671,0
41672,0
41673,1
41674,0
41675,1
41676,0
41677,0
41678,0
41679,0
41680,0
41681,0
41682,0
41683,0
41684,0
41685,0
41686,0
41687,0
41688,0
41689,0
41690,0
41691,0
41692,0
41693,0
41694,1
41695,0
41696,0
41697,0
41698,0
41699,0
41700,0
41701,1
41702,0
41703,0
41704,0
41705,0
41706,0
41707,0
41708,1
41709,0
41710,0
41711,0
41712,0
41713,0
41714,1
41715,0
41716,0
41717,0
41718,0
41719,0
41720,0
41721,0
41722,0
41723,0
41724,0
41725,0
41726,0
41727,0
41728,0
41729,0
41730,0
41731,0
41732,0
41733,1
41734,0
41735,0
41736,0
41737,0
41738,0
41739,0
41740,0
41741,0
41742,0
41743,0
41744,0
41745,0
41746,0
41747,0
41748,1
41749,0
41750,0
41751,0
41752,0
41753,0
41754,0
41755,0
41756,0
41757,0
41758,0
41759,0
41760,0
41761,0
41762,0
41763,0
41764,0
41765,0
41766,0
41767,0
41768,0
41769,0
41770,0
41771,0
41772,0
41773,0
41774,0
41775,0
41776,0
41777,0
41778,1
41779,0
41780,0
41781,0
41782,0
41783,0
41784,1
41785,0
41786,0
41787,0
41788,0
41789,0
41790,0
41791,0
41792,0
41793,0
41794,0
41795,1
41796,0
41797,0
41798,0
41799,0
41800,0
41801,0
41802,1
41803,0
41804,0
41805,0
41806,0
41807,0
41808,0
41809,0
41810,0
41811,0
41812,1
41813,0
41814,1
41815,0
41816,0
41817,0
41818,0
41819,0
41820,0
41821,0
41822,0
41823,0
41824,0
41825,1
41826,0
41827,0
41828,0
41829,0
41830,0
41831,0
41832,0
41833,0
41834,0
41835,0
41836,0
41837,0
41838,0
41839,0
41840,0
41841,1
41842,0
41843,0
41844,0
41845,0
41846,0
41847,0
41848,0
41849,0
41850,0
41851,0
41852,0
41853,1
41854,0
41855,0
41856,1
41857,0
41858,0
41859,0
41860,1
41861,0
41862,0
41863,0
41864,0
41865,0
41866,0
41867,0
41868,0
41869,0
41870,1
41871,1
41872,0
41873,0
41874,0
41875,1
41876,0
41877,0
41878,0
41879,0
41880,1
41881,0
41882,0
41883,0
41884,0
41885,0
41886,0
41887,0
41888,0
41889,0
41890,0
41891,0
41892,1
41893,0
41894,1
41895,0
41896,0
41897,0
41898,0
41899,0
41900,0
41901,0
41902,0
41903,0
41904,0
41905,0
41906,0
41907,0
41908,0
41909,0
41910,1
41911,0
41912,0
41913,0
41914,0
41915,0
41916,0
41917,0
41918,0
41919,0
41920,0
41921,0
41922,0
41923,0
41924,0
41925,1
41926,0
41927,1
41928,0
41929,0
41930,0
41931,0
41932,0
41933,0
41934,0
41935,0
41936,1
41937,1
41938,0
41939,0
41940,0
41941,0
41942,0
41943,0
41944,0
41945,0
41946,1
41947,0
41948,0
41949,0
41950,0
41951,0
41952,1
41953,0
41954,0
41955,0
41956,0
41957,0
41958,0
41959,0
41960,0
41961,0
41962,0
41963,0
41964,0
41965,0
41966,0
41967,0
41968,0
41969,1
41970,0
41971,0
41972,0
41973,0
41974,0
41975,0
41976,0
41977,1
41978,0
41979,0
41980,0
41981,0
41982,1
41983,0
41984,1
41985,1
41986,0
41987,0
41988,0
41989,0
41990,0
41991,0
41992,0
41993,0
41994,0
41995,0
41996,1
41997,1
41998,0
41999,0
42000,1
42001,0
42002,0
42003,1
42004,1
42005,0
42006,0
42007,0
42008,0
42009,0
42010,0
42011,0
42012,0
42013,0
42014,0
42015,0
42016,0
42017,0
42018,0
42019,0
42020,0
42021,0
42022,0
42023,0
42024,0
42025,0
42026,0
42027,0
42028,0
42029,0
42030,0
42031,0
42032,0
42033,0
42034,0
42035,0
42036,0
42037,0
42038,1
42039,0
42040,0
42041,0
42042,0
42043,0
42044,1
42045,0
42046,0
42047,0
42048,0
42049,0
42050,0
42051,0
42052,0
42053,0
42054,1
42055,0
42056,0
42057,0
42058,0
42059,0
42060,0
42061,1
42062,0
42063,0
42064,1
42065,0
42066,0
42067,1
42068,0
42069,0
42070,0
42071,1
42072,0
42073,0
42074,0
42075,0
42076,0
42077,0
42078,0
42079,0
42080,0
42081,0
42082,0
42083,0
42084,0
42085,0
42086,1
42087,0
42088,0
42089,0
42090,0
42091,0
42092,0
42093,0
42094,0
42095,0
42096,0
42097,0
42098,0
42099,0
42100,1
42101,0
42102,1
42103,0
42104,0
42105,0
42106,1
42107,0
42108,0
42109,0
42110,0
42111,0
42112,0
42113,0
42114,0
42115,0
42116,0
42117,1
42118,0
42119,0
42120,0
42121,0
42122,0
42123,0
42124,0
42125,0
42126,1
42127,1
42128,0
42129,1
42130,1
42131,0
42132,0
42133,0
42134,0
42135,0
42136,0
42137,0
42138,0
42139,0
42140,0
42141,0
42142,0
42143,0
42144,0
42145,1
42146,0
42147,0
42148,0
42149,0
42150,0
42151,0
42152,0
42153,1
42154,0
42155,0
42156,0
42157,0
42158,0
42159,0
42160,0
42161,0
42162,0
42163,0
42164,0
42165,0
42166,0
42167,1
42168,0
42169,0
42170,0
42171,1
42172,0
42173,0
42174,0
42175,0
42176,1
42177,0
42178,0
42179,0
42180,0
42181,0
42182,0
42183,0
42184,0
42185,0
42186,0
42187,0
42188,0
42189,0
42190,0
42191,0
42192,0
42193,1
42194,0
42195,0
42196,0
42197,0
42198,0
42199,0
42200,0
42201,0
42202,0
42203,0
42204,0
42205,0
42206,0
42207,1
42208,0
42209,0
42210,0
42211,1
42212,0
42213,0
42214,0
42215,0
42216,1
42217,1
42218,0
42219,1
42220,0
42221,0
42222,1
42223,1
42224,1
42225,0
42226,0
42227,0
42228,0
42229,0
42230,0
42231,0
42232,0
42233,0
42234,0
42235,0
42236,0
42237,0
42238,0
42239,1
42240,0
42241,0
42242,0
42243,0
42244,0
42245,0
42246,0
42247,0
42248,0
42249,0
42250,0
42251,0
42252,0
42253,0
42254,1
42255,0
42256,0
42257,0
42258,0
42259,0
42260,0
42261,0
42262,0
42263,0
42264,1
42265,0
42266,0
42267,0
42268,0
42269,0
42270,0
42271,0
42272,0
42273,0
42274,0
42275,0
42276,0
42277,0
42278,1
42279,0
42280,0
42281,0
42282,0
42283,0
42284,0
42285,1
42286,0
42287,0
42288,0
42289,0
42290,0
42291,0
42292,1
42293,0
42294,0
42295,1
42296,0
42297,0
42298,0
42299,0
42300,0
42301,0
42302,0
42303,0
42304,0
42305,1
42306,0
42307,0
42308,0
42309,0
42310,0
42311,0
42312,0
42313,0
42314,0
42315,0
42316,0
42317,0
42318,0
42319,0
42320,0
42321,0
42322,1
42323,0
42324,0
42325,0
42326,0
42327,0
42328,0
42329,0
42330,0
42331,0
42332,0
42333,0
42334,0
42335,0
42336,0
42337,0
42338,0
42339,0
42340,0
42341,0
42342,0
42343,0
42344,0
42345,0
42346,0
42347,0
42348,0
42349,0
42350,0
42351,0
42352,1
42353,1
42354,0
42355,0
42356,1
42357,0
42358,0
42359,0
42360,1
42361,0
42362,0
42363,0
42364,0
42365,0
42366,0
42367,0
42368,0
42369,0
42370,0
42371,0
42372,0
42373,0
42374,0
42375,0
42376,0
42377,0
42378,1
42379,0
42380,0
42381,0
42382,0
42383,0
42384,0
42385,0
42386,0
42387,1
42388,1
42389,0
42390,0
42391,0
42392,1
42393,0
42394,0
42395,0
42396,0
42397,0
42398,0
42399,0
42400,0
42401,0
42402,0
42403,0
42404,0
42405,0
42406,0
42407,1
42408,0
42409,0
42410,1
42411,1
42412,0
42413,0
42414,0
42415,1
42416,0
42417,0
42418,0
42419,0
42420,0
42421,0
42422,0
42423,0
42424,0
42425,0
42426,0
42427,0
42428,0
42429,0
42430,0
42431,0
42432,0
